SERIAL_CODE,EMS_ID,STATION_NAME,LOCATION,CITY,CATEGORY,STATION_ENVIRONMENT,STATION_OWNER,DATE_ESTABLISHED,NOTES,LATITUDE,LONGITUDE,HEIGHT(m),STATUS,URL,URL2,PM25_INSTRUMENT,PM25,PM25_UNIT,NO,NO_UNIT,NO2,NO2_UNIT,NOX,NOX_UNIT,O3,O3_UNIT,PM10,PM10_UNIT,SO2,SO2_UNIT,TRS,TRS_UNIT,H2S,H2S_UNIT,WDIR_VEC,WDIR_UNIT,WSPD_SCLR,WSPD_UNIT,TEMP,TEMP_UNIT,HUMIDITY,HUMIDITY_UNIT,PRECIPITATION,PRECIPITATION_UNIT,BAR_PRESSURE,PRESSURE_UNIT,SNOWDEPTH,SNOWDEPTH_UNIT,CO,CO_UNIT,PM25_24,NO_24,NO2_24,NOX_24,O3_8,PM10_24,SO2_24,TRS_24,H2S_24,DATE,DATE_PST,URL_Station
428,E289309,Abbotsford A Columbia Street,"",Abbotsford,METRO VANCOUVER,"",MVRD,"","",49.0215,-122.3265,65,ON,https://envistaweb.env.gov.bc.ca/StationReportFast.aspx?ST_ID=428,https://envistaweb.env.gov.bc.ca/StationReportFast.aspx?ST_ID=429,PM25 SHARP5030,1.6,ug/m3,0.3,ppb,2,ppb,"","",31.3,ppb,3.2,ug/m3,0.2,ppb,"","","","",192.2,Deg.,2.99,m/s,10,Deg.C,89.1,% RH,"","","","","","",0.14,ppm,2,0.7,4.7,"",17.8,6.3,0.2,"","",Sunday 1 February 2026 04PM (PST),2026-02-01 16:00,https://envistaweb.env.gov.bc.ca/StationDetails.aspx?ST_ID=428
261,E238212,Abbotsford Central,"",Abbotsford,METRO VANCOUVER,"",MVRD,"","",49.0426,-122.3098,58,ON,https://envistaweb.env.gov.bc.ca/StationReportFast.aspx?ST_ID=261,,PM25 SHARP5030,2.3,ug/m3,1.6,ppb,6.2,ppb,"","",23.3,ppb,4.5,ug/m3,0.3,ppb,"","","","",196.4,Deg.,1.59,m/s,10.1,Deg.C,"",% RH,"","","","","","","","",2.4,1.3,8.2,"",14.7,4.4,0.3,"","",Sunday 1 February 2026 04PM (PST),2026-02-01 16:00,https://envistaweb.env.gov.bc.ca/StationDetails.aspx?ST_ID=261
598,598,Agassiz Centennial Park,"",Agassiz,METRO VANCOUVER,"",MVRD,"","",49.23836,-121.77478,56,ON,https://envistaweb.env.gov.bc.ca/StationReportFast.aspx?ST_ID=598,,PM25_SHARP5030i,2.3,ug/m3,0.6,ppb,4.1,ppb,"","",15,ppb,"","","","","","","","",306.9,Deg.,0.9,m/s,8.3,Deg.C,99.5,% RH,"","","","","","","","",1.3,1.3,3.4,"",9.2,"","","","",Sunday 1 February 2026 04PM (PST),2026-02-01 16:00,https://envistaweb.env.gov.bc.ca/StationDetails.aspx?ST_ID=598
450,E295729,Bessborough 237 Road,"",None,OPERATIONAL,"",INDUSTRY,"","",55.791944,-120.483611,665,ON,https://envistaweb.env.gov.bc.ca/StationReportFast.aspx?ST_ID=450,,"","","","","","","","","","","","","",0.3,ppb,"","",1.5,ppb,95.7,Deg.,1.69,m/s,-6.5,Deg.C,"","","","","","","","","","","","","","","","",0.4,"",1.2,Sunday 1 February 2026 04PM (PST),2026-02-01 16:00,https://envistaweb.env.gov.bc.ca/StationDetails.aspx?ST_ID=450
251,E244515,Burnaby Burmount,"",Burnaby,METRO VANCOUVER,"",MVRD,"","",49.2667,-122.9355,101,ON,https://envistaweb.env.gov.bc.ca/StationReportFast.aspx?ST_ID=251,,"","","","","","","","","","","","","","","",0.2,ppb,"","",103.2,Deg.,1.72,m/s,9.5,Deg.C,"","","","","","","","","","","","","","","","","",0.2,"",Sunday 1 February 2026 04PM (PST),2026-02-01 16:00,https://envistaweb.env.gov.bc.ca/StationDetails.aspx?ST_ID=251
242,0310177,Burnaby Kensington Park,"",Burnaby,METRO VANCOUVER,"",MVRD,"","",49.2792,-122.9707,104,ON,https://envistaweb.env.gov.bc.ca/StationReportFast.aspx?ST_ID=242,,PM25 SHARP5030,2.4,ug/m3,1.3,ppb,10,ppb,"","",20.7,ppb,3.7,ug/m3,0.2,ppb,0.3,ppb,"","",14.2,Deg.,1.53,m/s,7.3,Deg.C,"","","","","","","","","","",2,1.3,7.7,"",22.8,3.8,0.1,0.4,"",Sunday 1 February 2026 04PM (PST),2026-02-01 16:00,https://envistaweb.env.gov.bc.ca/StationDetails.aspx?ST_ID=242
313,E206270,Burnaby Mountain,"",Burnaby,METRO VANCOUVER,"",MVRD,"","",49.2798,-122.9223,360,ON,https://envistaweb.env.gov.bc.ca/StationReportFast.aspx?ST_ID=313,,"","","",1.3,ppb,6.9,ppb,"","",21,ppb,"","","","","","","","",164.8,Deg.,2.67,m/s,"",Deg.C,"",% RH,"","","","","","","","","",0.5,2.4,"",22.6,"","","","",Sunday 1 February 2026 04PM (PST),2026-02-01 16:00,https://envistaweb.env.gov.bc.ca/StationDetails.aspx?ST_ID=313
253,E244517,Burnaby North Eton,"",Burnaby,METRO VANCOUVER,"",MVRD,"","",49.2875,-123.008,70,ON,https://envistaweb.env.gov.bc.ca/StationReportFast.aspx?ST_ID=253,,"","","","","","","","","","","",1.9,ug/m3,0.1,ppb,0.4,ppb,"","",48.2,Deg.,1.4,m/s,7.4,Deg.C,"","","","","","","","","","","","","","","",3.3,0.8,0.4,"",Sunday 1 February 2026 04PM (PST),2026-02-01 16:00,https://envistaweb.env.gov.bc.ca/StationDetails.aspx?ST_ID=253
249,E207418,Burnaby South,"",Burnaby,METRO VANCOUVER,"",MVRD,"","",49.2152,-122.9857,122,ON,https://envistaweb.env.gov.bc.ca/StationReportFast.aspx?ST_ID=249,,PM25_T640,3.9,ug/m3,1.1,ppb,7.8,ppb,"","",22.1,ppb,6.8,ug/m3,0,ppb,"","","","",144.5,Deg.,2.48,m/s,9,Deg.C,99.8,% RH,"","","","","","",0.28,ppm,2.9,0.6,10.3,"",20.8,5.1,0,"","",Sunday 1 February 2026 04PM (PST),2026-02-01 16:00,https://envistaweb.env.gov.bc.ca/StationDetails.aspx?ST_ID=249
439,E292669,Burns Lake Sheraton East,"",Burns Lake,OPERATIONAL,"",INDUSTRY,"","",54.1527,-125.4495,679,ON,https://envistaweb.env.gov.bc.ca/StationReportFast.aspx?ST_ID=439,,"","","","","","","","","","","","","","","","","","","",123.8,Deg.,0.6,m/s,3.7,Deg.C,91.2,% RH,"","","","","","","","","","","","","","","","","",Sunday 1 February 2026 04PM (PST),2026-02-01 16:00,https://envistaweb.env.gov.bc.ca/StationDetails.aspx?ST_ID=439
26,0260021,Castlegar Hospital,"",Castlegar,OPERATIONAL,"",INDUSTRY,"","",49.3144,-117.6605,455,ON,https://envistaweb.env.gov.bc.ca/StationReportFast.aspx?ST_ID=26,,"","","","","","","","","","","","","","","",1.1,ppb,"","","","","","","","","","","","","","","","","","","","","","","","","",0.9,"",Sunday 1 February 2026 04PM (PST),2026-02-01 16:00,https://envistaweb.env.gov.bc.ca/StationDetails.aspx?ST_ID=26
600,600,Castlegar Mill Road,"",Castlegar,OPERATIONAL,"",INDUSTRY,"","",49.3345,-117.7138,431,ON,https://envistaweb.env.gov.bc.ca/StationReportFast.aspx?ST_ID=600,,"","","","","","","","","","","","","","","","","","","",256.3,Deg.,1.2,m/s,4.4,Deg.C,"","","","","","","","","","","","","","","","","","","",Sunday 1 February 2026 04PM (PST),2026-02-01 16:00,https://envistaweb.env.gov.bc.ca/StationDetails.aspx?ST_ID=600
419,E286369,Castlegar Zinio Park,"",Castlegar,OPERATIONAL,"",ENV,"","",49.317698,-117.661527,407,ON,https://envistaweb.env.gov.bc.ca/StationReportFast.aspx?ST_ID=419,,PM25_SHARP5030i,6.9,ug/m3,0.6,ppb,5.1,ppb,"","",7.9,ppb,9.2,ug/m3,0.4,ppb,"","","","","","","","","","","","","","","","","","","","",12.9,3,5,"",5.1,12.5,0.3,"","",Sunday 1 February 2026 04PM (PST),2026-02-01 16:00,https://envistaweb.env.gov.bc.ca/StationDetails.aspx?ST_ID=419
500,E220891,Chilliwack Airport,"",Chilliwack,METRO VANCOUVER,"",MVRD,"","",49.1558,-121.9403,12,ON,https://envistaweb.env.gov.bc.ca/StationReportFast.aspx?ST_ID=500,,PM25_T640,2.5,ug/m3,2.8,ppb,9.6,ppb,"","",15.1,ppb,4.2,ug/m3,0.3,ppb,"","","","",245,Deg.,0.5,m/s,8.7,Deg.C,94.2,% RH,"","","","","","",0.22,ppm,2,2.1,5.8,"",11,4.1,0.3,"","",Sunday 1 February 2026 04PM (PST),2026-02-01 16:00,https://envistaweb.env.gov.bc.ca/StationDetails.aspx?ST_ID=500
260,E242892,Coquitlam Douglas College,"",Coquitlam,METRO VANCOUVER,"",MVRD,"","",49.2883,-122.7916,38,ON,https://envistaweb.env.gov.bc.ca/StationReportFast.aspx?ST_ID=260,,"","","",0.4,ppb,4.9,ppb,"","",21.8,ppb,"","","","","","","","",65.4,Deg.,1.25,m/s,8,Deg.C,99.9,% RH,"","","","","","","",ppm,"",0.6,7.5,"",24,"","","","",Sunday 1 February 2026 04PM (PST),2026-02-01 16:00,https://envistaweb.env.gov.bc.ca/StationDetails.aspx?ST_ID=260
564,E316070,Crofton Elementary,"",Crofton,OPERATIONAL,"",INDUSTRY,"","",48.86,-123.64388889,38,ON,https://envistaweb.env.gov.bc.ca/StationReportFast.aspx?ST_ID=564,,BAM1020,"",ug/m3,"","","","","","","","","","","",ppb,"",ppb,"","",272.7,Deg.,0.9,m/s,11.7,Deg.C,88,% RH,"","","",kPa,"","","","","","","","","","",1.1,0.5,"",Sunday 1 February 2026 04PM (PST),2026-02-01 16:00,https://envistaweb.env.gov.bc.ca/StationDetails.aspx?ST_ID=564
39,E220217,Crofton Substation,"",Crofton,OPERATIONAL,"",INDUSTRY,"","",48.874529,-123.653929,22,ON,https://envistaweb.env.gov.bc.ca/StationReportFast.aspx?ST_ID=39,,BAM1020,"",ug/m3,"","","","","","","","","","","","",0,ppb,"","",109.7,Deg.,1.2,m/s,11.3,Deg.C,95,% RH,"","","","","","","","","","","","","","","",0,"",Sunday 1 February 2026 04PM (PST),2026-02-01 16:00,https://envistaweb.env.gov.bc.ca/StationDetails.aspx?ST_ID=39
40,E234670,Duncan Deykin Avenue,"",Duncan,OPERATIONAL,"",INDUSTRY,"","",48.80255,-123.646402,62,ON,https://envistaweb.env.gov.bc.ca/StationReportFast.aspx?ST_ID=40,,PM25_SHARP5030i,0,ug/m3,"","","","","","","","","","","","",0.4,ppb,"","","","","","","","","","","","","","","","","","",5.4,"","","","","","",0.4,"",Sunday 1 February 2026 04PM (PST),2026-02-01 16:00,https://envistaweb.env.gov.bc.ca/StationDetails.aspx?ST_ID=40
522,E222520,Elk Falls Dogwood,"",Campbell River,OPERATIONAL,"",INDUSTRY,"","",50.018425,-125.2484,63,ON,https://envistaweb.env.gov.bc.ca/StationReportFast.aspx?ST_ID=522,,BAM1020,3.2,ug/m3,"","","","","","","","","","","","","","","","","","","","","","","","","","","","","","","","",1.8,"","","","","","","","",Sunday 1 February 2026 04PM (PST),2026-02-01 16:00,https://envistaweb.env.gov.bc.ca/StationDetails.aspx?ST_ID=522
585,E290310,Elkford Rocky Mountain Elementary School,"",Elkford,OPERATIONAL,"",INDUSTRY,"","",50.0077944,-114.93342,1333,ON,https://envistaweb.env.gov.bc.ca/StationReportFast.aspx?ST_ID=585,,PM25 SHARP5030,1.4,ug/m3,"","","","","","","","",0.6,ug/m3,"","","","","","",183.2,Deg.,3.5,m/s,4.9,Deg.C,"","","","","","","","","","",1.7,"","","","",3.7,"","","",Sunday 1 February 2026 04PM (PST),2026-02-01 16:00,https://envistaweb.env.gov.bc.ca/StationDetails.aspx?ST_ID=585
489,E304550,Fort St John 85th Avenue,"",Fort St John,BC HYDRO,"",INDUSTRY-BCH,"","",56.231792,-120.853895,685,ON,https://envistaweb.env.gov.bc.ca/StationReportFast.aspx?ST_ID=489,,PM25_SHARP5030i,7.7,ug/m3,"","","","","","","","",11.2,ug/m3,"","","","","","","","",2,m/s,"","","","","","","","","","","","",5.9,"","","","",9.6,"","","",Sunday 1 February 2026 04PM (PST),2026-02-01 16:00,https://envistaweb.env.gov.bc.ca/StationDetails.aspx?ST_ID=489
469,E299830,Fort St John Key Learning Centre,"",Fort St John,OPERATIONAL,"",ENV,"","",56.244722,-120.856111,679,ON,https://envistaweb.env.gov.bc.ca/StationReportFast.aspx?ST_ID=469,,PM25 SHARP5030,7.2,ug/m3,1.6,ppb,2.9,ppb,"","",19,ppb,9,ug/m3,0.4,ppb,"","","","",121.4,Deg.,2.2,m/s,-5.9,Deg.C,94,% RH,"","","","","","","","",6,1.3,2.5,"",19.6,7.5,0.4,"","",Sunday 1 February 2026 04PM (PST),2026-02-01 16:00,https://envistaweb.env.gov.bc.ca/StationDetails.aspx?ST_ID=469
533,E309527,Fort St John North Camp C,"",Fort St John,BC HYDRO,"",INDUSTRY-BCH,"","",56.2032887,-120.90108,584,ON,https://envistaweb.env.gov.bc.ca/StationReportFast.aspx?ST_ID=533,https://envistaweb.env.gov.bc.ca/StationReportFast.aspx?ST_ID=517,PM25 SHARP5030,9,ug/m3,0.4,ppb,2.1,ppb,"","","","",7.5,ug/m3,0,ppb,"","","","","","",2.6,m/s,-5.3,Deg.C,95.4,% RH,"","","","","","",0.102,ppm,8.4,0.2,1.5,"","",7.1,0,"","",Sunday 1 February 2026 04PM (PST),2026-02-01 16:00,https://envistaweb.env.gov.bc.ca/StationDetails.aspx?ST_ID=533
487,E304470,Fort St John Old Fort,"",Fort St John,BC HYDRO,"",INDUSTRY-BCH,"","",56.200587,-120.825713,421,ON,https://envistaweb.env.gov.bc.ca/StationReportFast.aspx?ST_ID=487,,PM25 SHARP5030,5.9,ug/m3,"","","","","","","","",11.8,ug/m3,"","","","","","","","","","","","","","","","","","","","","","",5.5,"","","","",6,"","","",Sunday 1 February 2026 04PM (PST),2026-02-01 16:00,https://envistaweb.env.gov.bc.ca/StationDetails.aspx?ST_ID=487
452,E295949,Fraser Lake Endako Mines,"",Fraser Lake,OPERATIONAL,"",INDUSTRY,"","",54.034444,-125.095833,1005,ON,https://envistaweb.env.gov.bc.ca/StationReportFast.aspx?ST_ID=452,,"","","","","","","","","","","","","","","","","","","",56,Deg.,2.08,m/s,1.9,Deg.C,100,% RH,"","","",kPa,"","","","","","","","","","","","","",Sunday 1 February 2026 04PM (PST),2026-02-01 16:00,https://envistaweb.env.gov.bc.ca/StationDetails.aspx?ST_ID=452
433,E292149,Golden Helipad,"",Golden,OPERATIONAL,"",ENV,"","",51.2975,-116.966,780,ON,https://envistaweb.env.gov.bc.ca/StationReportFast.aspx?ST_ID=433,,PM25_SHARP5030i,3.3,ug/m3,"","","","","","","","",11.8,ug/m3,"","","","","","","","","","","","","","","","","","","","","","",13,"","","","",15.4,"","","",Sunday 1 February 2026 04PM (PST),2026-02-01 16:00,https://envistaweb.env.gov.bc.ca/StationDetails.aspx?ST_ID=433
19,E243003,Golden Lady Grey School,"",Golden,OPERATIONAL,"",ENV,"","",51.2956,-116.9717,773,ON,https://envistaweb.env.gov.bc.ca/StationReportFast.aspx?ST_ID=19,,"","","","","","","","","","","","","","","","","","","",343.2,Deg.,2.05,m/s,2.3,Deg.C,92.6,% RH,"","","","","","","","","","","","","","","","","",Sunday 1 February 2026 04PM (PST),2026-02-01 16:00,https://envistaweb.env.gov.bc.ca/StationDetails.aspx?ST_ID=19
56,E262779,Grand Forks Airport,"",Grand Forks,OPERATIONAL,"",ENV,"","",49.0147,-118.4269,520,ON,https://envistaweb.env.gov.bc.ca/StationReportFast.aspx?ST_ID=56,,"","","","","","","","","","","","","","","","","","","",110.4,Deg.,0.62,m/s,2.9,Deg.C,98,% RH,"","","",kPa,"","","","","","","","","","","","","",Sunday 1 February 2026 04PM (PST),2026-02-01 16:00,https://envistaweb.env.gov.bc.ca/StationDetails.aspx?ST_ID=56
57,E263701,Grand Forks City Hall,"",Grand Forks,OPERATIONAL,"",ENV,"","",49.031168,-118.439088,517,ON,https://envistaweb.env.gov.bc.ca/StationReportFast.aspx?ST_ID=57,,PM25 SHARP5030,8.7,ug/m3,"","","","","","","","","","","","","","","","","","","","","","","","","","","","","","","","",8.6,"","","","","","","","",Sunday 1 February 2026 04PM (PST),2026-02-01 16:00,https://envistaweb.env.gov.bc.ca/StationDetails.aspx?ST_ID=57
453,E225377,Harmac Cedar Woobank,"",Nanaimo,OPERATIONAL,"",INDUSTRY,"","",49.114165,-123.850165,25,ON,https://envistaweb.env.gov.bc.ca/StationReportFast.aspx?ST_ID=453,,BAM1020,0,ug/m3,"","","","","","","","","","","","","",ppb,"","","","","","","","","","","","","","","","","","",1.9,"","","","","","",0.2,"",Sunday 1 February 2026 10AM (PST),2026-02-01 10:00,https://envistaweb.env.gov.bc.ca/StationDetails.aspx?ST_ID=453
559,E299790,Harmac Nanaimo Dukepoint,"",Nanaimo,OPERATIONAL,"",INDUSTRY,"","",49.14522,-123.87873,10,ON,https://envistaweb.env.gov.bc.ca/StationReportFast.aspx?ST_ID=559,,"","","","","","","","","","","","","","","","",ppb,"","","","","","","","","","","","","","","","","","","","","","","","","","","",Sunday 1 February 2026 10AM (PST),2026-02-01 10:00,https://envistaweb.env.gov.bc.ca/StationDetails.aspx?ST_ID=559
60,M102038,Harmac Pacific,"",Nanaimo,OPERATIONAL,"",INDUSTRY,"","",49.133787,-123.850479,23,ON,https://envistaweb.env.gov.bc.ca/StationReportFast.aspx?ST_ID=60,,"","","","","","","","","","","","","","","","","","","",240.4,Deg.,1.33,m/s,9.9,Deg.C,"","","","","","","","","","","","","","","","","","","",Sunday 1 February 2026 04PM (PST),2026-02-01 16:00,https://envistaweb.env.gov.bc.ca/StationDetails.aspx?ST_ID=60
257,E223756,Hope Airport,"",Hope,METRO VANCOUVER,"",MVRD,"","",49.3699,-121.4991,40,ON,https://envistaweb.env.gov.bc.ca/StationReportFast.aspx?ST_ID=257,,PM25 SHARP5030,1.5,ug/m3,4.3,ppb,9.8,ppb,"","",9.8,ppb,2.5,ug/m3,"","","","","","",231.5,Deg.,1.84,m/s,6.6,Deg.C,96.9,% RH,"","","","","","","",ppm,1.6,8.1,8.3,"",3.2,2.8,"","","",Sunday 1 February 2026 04PM (PST),2026-02-01 16:00,https://envistaweb.env.gov.bc.ca/StationDetails.aspx?ST_ID=257
269,E275843,Horseshoe Bay,"",West Vancouver,METRO VANCOUVER,"",MVRD,"","",49.3686,-123.2767,65,ON,https://envistaweb.env.gov.bc.ca/StationReportFast.aspx?ST_ID=269,,PM25 SHARP5030,2.4,ug/m3,7.7,ppb,13.9,ppb,"","","","","","","","","","","","",17.9,Deg.,1.23,m/s,8.2,Deg.C,99.8,% RH,"","","","","","","",ppm,2.6,6.3,12.4,"","","","","","",Sunday 1 February 2026 04PM (PST),2026-02-01 16:00,https://envistaweb.env.gov.bc.ca/StationDetails.aspx?ST_ID=269
437,M107004,Houston Firehall,"",Houston,OPERATIONAL,"",ENV,"","",54.3972,-126.645,594,ON,https://envistaweb.env.gov.bc.ca/StationReportFast.aspx?ST_ID=437,https://envistaweb.env.gov.bc.ca/StationReportFast.aspx?ST_ID=3,PM25 SHARP5030,1.7,ug/m3,"","","","","","","","",0.9,ug/m3,"","","","","","",55.8,Deg.,2.81,m/s,3.1,Deg.C,92.4,% RH,"","","","","","","","",7.3,"","","","",7,"","","",Sunday 1 February 2026 04PM (PST),2026-02-01 16:00,https://envistaweb.env.gov.bc.ca/StationDetails.aspx?ST_ID=437
578,E321711,Hudsons Hope Dudley Drive,"",Hudsons Hope,BC HYDRO,"",INDUSTRY-BCH,"","",56.02686,-121.91118,494,ON,https://envistaweb.env.gov.bc.ca/StationReportFast.aspx?ST_ID=578,,PM25 SHARP5030,5.1,ug/m3,0.1,ppb,2.7,ppb,"","","","",7.1,ug/m3,0.4,ppb,"","","","","","",0.5,m/s,-3,Deg.C,86.3,% RH,"","","","","","","","",4.3,0.3,4,"","",6.4,0.4,"","",Sunday 1 February 2026 04PM (PST),2026-02-01 16:00,https://envistaweb.env.gov.bc.ca/StationDetails.aspx?ST_ID=578
267,0605008,Kamloops Federal Building,"",Kamloops,OPERATIONAL,"",ENV,"","",50.67477,-120.334016,381,ON,https://envistaweb.env.gov.bc.ca/StationReportFast.aspx?ST_ID=267,,PM25 SHARP5030,5.4,ug/m3,2,ppb,6.5,ppb,"","",11.7,ppb,"","",1.4,ppb,0.4,ppb,"","",107.3,Deg.,"","",6.5,Deg.C,78.9,% RH,"","","","","","","","",5.3,4.9,7.2,"",11.3,"",1.3,0.5,"",Sunday 1 February 2026 04PM (PST),2026-02-01 16:00,https://envistaweb.env.gov.bc.ca/StationDetails.aspx?ST_ID=267
571,E317850,Kelowna KLO Road,"",Kelowna,OPERATIONAL,"",ENV,"","",49.862119,-119.467461,350,ON,https://envistaweb.env.gov.bc.ca/StationReportFast.aspx?ST_ID=571,,PM25 SHARP5030,1.9,ug/m3,0.7,ppb,2,ppb,"","",15.8,ppb,11.8,ug/m3,0.1,ppb,"","","","",169.6,Deg.,1.1,m/s,6.6,Deg.C,79.6,% RH,"","","","","","",0.174,ppm,9.3,2.8,5.2,"",7.1,8.1,0.2,"","",Sunday 1 February 2026 04PM (PST),2026-02-01 16:00,https://envistaweb.env.gov.bc.ca/StationDetails.aspx?ST_ID=571
271,E282711,Kitimat Haisla Village,"",Kitimat,OPERATIONAL,"",INDUSTRY,"","",53.973228,-128.650768,5,ON,https://envistaweb.env.gov.bc.ca/StationReportFast.aspx?ST_ID=271,,BAM1020,4,ug/m3,0.6,ppb,0.9,ppb,"","",6.6,ppb,"","",0.3,ppb,"","","","",130,Deg.,0.78,m/s,5.2,Deg.C,"","","","","","","","","","",4.3,0.3,0.6,"",9,"",0.3,"","",Sunday 1 February 2026 04PM (PST),2026-02-01 16:00,https://envistaweb.env.gov.bc.ca/StationDetails.aspx?ST_ID=271
73,E223616,Kitimat Haul Road,"",Kitimat,OPERATIONAL,"",INDUSTRY,"","",54.029194,-128.70269,11,ON,https://envistaweb.env.gov.bc.ca/StationReportFast.aspx?ST_ID=73,https://envistaweb.env.gov.bc.ca/StationReportFast.aspx?ST_ID=75,BAM1020,0,ug/m3,"","","","","","","","","","",0.4,ppb,"","","","",242.4,Deg.,0.56,m/s,4.4,Deg.C,"","","","","","","","","","",2.5,"","","","","",0.1,"","",Sunday 1 February 2026 04PM (PST),2026-02-01 16:00,https://envistaweb.env.gov.bc.ca/StationDetails.aspx?ST_ID=73
576,E320051,Kitimat Industrial Ave,"",Kitimat,OPERATIONAL,"",INDUSTRY,"","",54.061,-128.688,21,ON,https://envistaweb.env.gov.bc.ca/StationReportFast.aspx?ST_ID=576,,"","","","","","","","","","","","","",0.9,ppb,"","","","",184.1,Deg.,0.5,m/s,3.7,Deg.C,94.7,% RH,"","","","","","","","","","","","","","",0.7,"","",Sunday 1 February 2026 04PM (PST),2026-02-01 16:00,https://envistaweb.env.gov.bc.ca/StationDetails.aspx?ST_ID=576
77,E216670,Kitimat Riverlodge,"",Kitimat,OPERATIONAL,"",INDUSTRY,"","",54.05389,-128.671436,18,ON,https://envistaweb.env.gov.bc.ca/StationReportFast.aspx?ST_ID=77,,BAM1020,4,ug/m3,1.5,ppb,1.9,ppb,"","",5.7,ppb,7,ug/m3,0.1,ppb,"","","","",353,Deg.,0.53,m/s,14.6,Deg.C,"","","","","","","","","","",4.3,0.7,1.4,"",7.2,5.5,0.1,"","",Sunday 1 February 2026 04PM (PST),2026-02-01 16:00,https://envistaweb.env.gov.bc.ca/StationDetails.aspx?ST_ID=77
78,E223615,Kitimat Whitesail,"",Kitimat,OPERATIONAL,"",INDUSTRY,"","",54.066909,-128.639131,94,ON,https://envistaweb.env.gov.bc.ca/StationReportFast.aspx?ST_ID=78,https://envistaweb.env.gov.bc.ca/StationReportFast.aspx?ST_ID=80,BAM1020,2,ug/m3,0.5,ppb,1.1,ppb,"","",8.5,ppb,"","",0.1,ppb,"","","","",13.6,Deg.,0.53,m/s,4.7,Deg.C,95.9,% RH,"","","","","","","","",3.1,0.6,1.1,"",8.8,"",0.2,"","",Sunday 1 February 2026 04PM (PST),2026-02-01 16:00,https://envistaweb.env.gov.bc.ca/StationDetails.aspx?ST_ID=78
418,E286269,Kitimat Yacht Club,"",Kitimat,OPERATIONAL,"",INDUSTRY,"","",54,-128.692,2,ON,https://envistaweb.env.gov.bc.ca/StationReportFast.aspx?ST_ID=418,,"","","","","","","","","","","","","","","","","","","",222.4,Deg.,0.59,m/s,5.2,Deg.C,"","","","","","","","","","","","","","","","","","","",Sunday 1 February 2026 04PM (PST),2026-02-01 16:00,https://envistaweb.env.gov.bc.ca/StationDetails.aspx?ST_ID=418
86,E222778,Langdale Elementary,"",Langdale,OPERATIONAL,"",INDUSTRY,"","",49.438848,-123.479185,90,ON,https://envistaweb.env.gov.bc.ca/StationReportFast.aspx?ST_ID=86,,PM25_T640,1.7,ug/m3,0.4,ppb,3.4,ppb,"","","","",3.3,ug/m3,0.3,ppb,1,ppb,"","","","","","","","","","","","","","","","","","",3.7,0.3,3.6,"","",7.5,0.6,2.2,"",Sunday 1 February 2026 04PM (PST),2026-02-01 16:00,https://envistaweb.env.gov.bc.ca/StationDetails.aspx?ST_ID=86
256,E209178,Langley Central,"",Langley,METRO VANCOUVER,"",MVRD,"","",49.0956,-122.5671,88,ON,https://envistaweb.env.gov.bc.ca/StationReportFast.aspx?ST_ID=256,,PM25 SHARP5030,2.7,ug/m3,0.2,ppb,2.5,ppb,"","",29.9,ppb,4.5,ug/m3,0,ppb,"","","","",174.5,Deg.,3.18,m/s,9.8,Deg.C,95.3,% RH,"","","","","","","",ppm,2.2,0.3,3.3,"",24.3,4.3,0,"","",Sunday 1 February 2026 04PM (PST),2026-02-01 16:00,https://envistaweb.env.gov.bc.ca/StationDetails.aspx?ST_ID=256
258,E232245,Maple Ridge Golden Ears School,"",Maple Ridge,METRO VANCOUVER,"",MVRD,"","",49.2149,-122.5821,50,ON,https://envistaweb.env.gov.bc.ca/StationReportFast.aspx?ST_ID=258,,"","","",0.6,ppb,5,ppb,"","",20.6,ppb,"","","","","","","","",92.8,Deg.,4.57,km/h,9.3,Deg.C,"","","","","","","","",0.18,ppm,"",1,5.6,"",24.3,"","","","",Sunday 1 February 2026 04PM (PST),2026-02-01 16:00,https://envistaweb.env.gov.bc.ca/StationDetails.aspx?ST_ID=258
94,E264682,Merritt Parcel Street,"",Merritt,OPERATIONAL,"",ENV,"","",50.105,-120.7921,603,ON,https://envistaweb.env.gov.bc.ca/StationReportFast.aspx?ST_ID=94,,"","","","","","","","","","","","","","","","","","","",126.9,Deg.,0.56,m/s,3,Deg.C,99.5,% RH,"","","","","","","","","","","","","","","","","",Sunday 1 February 2026 12PM (PST),2026-02-01 12:00,https://envistaweb.env.gov.bc.ca/StationDetails.aspx?ST_ID=94
474,E302130,Mission School Works Yard,"",Mission,METRO VANCOUVER,"",MVRD,"","",49.1415,-122.3111,74,ON,https://envistaweb.env.gov.bc.ca/StationReportFast.aspx?ST_ID=474,https://envistaweb.env.gov.bc.ca/StationReportFast.aspx?ST_ID=476,PM25 SHARP5030,3.2,ug/m3,0.6,ppb,6.1,ppb,"","",22.5,ppb,"","","","","","","","",204.8,Deg.,0.3,m/s,8.7,Deg.C,94.9,% RH,"","","","","","","","",1.9,0.3,3.6,"",21.1,"","","","",Sunday 1 February 2026 04PM (PST),2026-02-01 16:00,https://envistaweb.env.gov.bc.ca/StationDetails.aspx?ST_ID=474
10,E229797,Nanaimo Labieux Road,"",Nanaimo,OPERATIONAL,"",ENV,"","",49.20083,-123.99389,121,ON,https://envistaweb.env.gov.bc.ca/StationReportFast.aspx?ST_ID=10,,PM25_SHARP5030i,8.3,ug/m3,1.3,ppb,7.8,ppb,"","",20.6,ppb,"","","","","","","","","","","","","","","","","","","","","","","","",5.2,0.4,5.4,"",18.9,"","","","",Sunday 1 February 2026 04PM (PST),2026-02-01 16:00,https://envistaweb.env.gov.bc.ca/StationDetails.aspx?ST_ID=10
530,E308566,New Westminster Sapperton Park,"",New Westminster,METRO VANCOUVER,"",MVRD,"","",49.22701,-122.8945,45,ON,https://envistaweb.env.gov.bc.ca/StationReportFast.aspx?ST_ID=530,https://envistaweb.env.gov.bc.ca/StationReportFast.aspx?ST_ID=531,PM25 SHARP5030,3.4,ug/m3,2,ppb,15.4,ppb,"","",12.9,ppb,"","","","","","","","",186,Deg.,0.7,m/s,"","","","","","","","","","","","",2.6,1.7,12,"",14.8,"","","","",Sunday 1 February 2026 04PM (PST),2026-02-01 16:00,https://envistaweb.env.gov.bc.ca/StationDetails.aspx?ST_ID=530
252,E244516,North Burnaby Capitol Hill,"",Burnaby,METRO VANCOUVER,"",MVRD,"","",49.2879,-122.9856,200,ON,https://envistaweb.env.gov.bc.ca/StationReportFast.aspx?ST_ID=252,,"","","","","","","","","","","","","",0.1,ppb,0.4,ppb,"","",89.3,Deg.,1.21,m/s,6.7,Deg.C,"","","","","","","","","","","","","","","","",0.1,0.5,"",Sunday 1 February 2026 04PM (PST),2026-02-01 16:00,https://envistaweb.env.gov.bc.ca/StationDetails.aspx?ST_ID=252
246,E207723,North Delta,"",Delta,METRO VANCOUVER,"",MVRD,"","",49.1583,-122.9017,113,ON,https://envistaweb.env.gov.bc.ca/StationReportFast.aspx?ST_ID=246,,PM25_SHARP5030i,2.9,ug/m3,3.6,ppb,5.8,ppb,"","",22.5,ppb,"","","","","","","","",141.4,Deg.,2.59,m/s,9.3,Deg.C,"","","","","","","","","","",2.7,4,7.7,"",18.5,"","","","",Sunday 1 February 2026 04PM (PST),2026-02-01 16:00,https://envistaweb.env.gov.bc.ca/StationDetails.aspx?ST_ID=246
255,E209177,North Vancouver Mahon Park,"",North Vancouver,METRO VANCOUVER,"",MVRD,"","",49.324,-123.0835,71,ON,https://envistaweb.env.gov.bc.ca/StationReportFast.aspx?ST_ID=255,,PM25 SHARP5030,2.4,ug/m3,0.8,ppb,7.5,ppb,"","",22.2,ppb,"","",0.3,ppb,"","","","",96.1,Deg.,7.89,km/h,9.1,Deg.C,"","","","","","","","",0.22,ppm,1.9,1.3,7.4,"",24.6,"",0.2,"","",Sunday 1 February 2026 04PM (PST),2026-02-01 16:00,https://envistaweb.env.gov.bc.ca/StationDetails.aspx?ST_ID=255
243,0310179,North Vancouver Second Narrows,"",North Vancouver,METRO VANCOUVER,"",MVRD,"","",49.3015,-123.0204,4,ON,https://envistaweb.env.gov.bc.ca/StationReportFast.aspx?ST_ID=243,,PM25_SHARP5030i,1.8,ug/m3,1.7,ppb,6.5,ppb,"","",25.4,ppb,"","",0.9,ppb,"","","","",88.3,Deg.,1.86,m/s,"","","","","","","","","","","","",2.1,2.2,7,"",23.1,"",1.1,"","",Sunday 1 February 2026 04PM (PST),2026-02-01 16:00,https://envistaweb.env.gov.bc.ca/StationDetails.aspx?ST_ID=243
485,E304453,Peace Valley Attachie Flat Upper Terrace,"",Fort St John,BC HYDRO,"",INDUSTRY-BCH,"","",56.231213,-121.41944,480,ON,https://envistaweb.env.gov.bc.ca/StationReportFast.aspx?ST_ID=485,https://envistaweb.env.gov.bc.ca/StationReportFast.aspx?ST_ID=540,PM25 SHARP5030,8.1,ug/m3,"","","","","","","","",6.3,ug/m3,"","","","","","","","",2.7,m/s,-3.8,Deg.C,98.1,% RH,"","","",mb,"","","","",7.3,"","","","",6.1,"","","",Sunday 1 February 2026 04PM (PST),2026-02-01 16:00,https://envistaweb.env.gov.bc.ca/StationDetails.aspx?ST_ID=485
599,599,Penticton Debeck Road,"",Penticton,OPERATIONAL,"",ENV,"","",49.4914,-119.5715,397,ON,https://envistaweb.env.gov.bc.ca/StationReportFast.aspx?ST_ID=599,,PM25_SHARP5030i,2.9,ug/m3,0.6,ppb,1.6,ppb,"","",20,ppb,4.5,ug/m3,"","","","","","",174.4,Deg.,4.3,m/s,5.7,Deg.C,81.6,% RH,"","","","","","","","",5,0.2,2.4,"",19.3,5.7,"","","",Sunday 1 February 2026 04PM (PST),2026-02-01 16:00,https://envistaweb.env.gov.bc.ca/StationDetails.aspx?ST_ID=599
501,E232244,Pitt Meadows Meadowlands School,"",Pitt Meadows,METRO VANCOUVER,"",MVRD,"","",49.2452,-122.7089,4,ON,https://envistaweb.env.gov.bc.ca/StationReportFast.aspx?ST_ID=501,,PM25 SHARP5030,0.3,ug/m3,0,ppb,0.9,ppb,"","",30.1,ppb,"","",0.2,ppb,"","","","",39.5,Deg.,1.8,m/s,8.1,Deg.C,99.8,% RH,"","","","","","","","",1.2,0,1.4,"",30.7,"",0.2,"","",Sunday 1 February 2026 04PM (PST),2026-02-01 16:00,https://envistaweb.env.gov.bc.ca/StationDetails.aspx?ST_ID=501
263,E273483,Port Alberni Elementary,"",Port Alberni,OPERATIONAL,"",INDUSTRY,"","",49.261014,-124.806628,21,ON,https://envistaweb.env.gov.bc.ca/StationReportFast.aspx?ST_ID=263,,BAM1020,4,ug/m3,"","","","","","","","","","","","","","","","","","","","","","","","","","","","","","","","",5.2,"","","","","","","","",Sunday 1 February 2026 04PM (PST),2026-02-01 16:00,https://envistaweb.env.gov.bc.ca/StationDetails.aspx?ST_ID=263
589,E327924,Port Edward Sunset Drive,"",Port Edward,OPERATIONAL,"",INDUSTRY-PRPA,"","",54.2231999,-130.29045,39,ON,https://envistaweb.env.gov.bc.ca/StationReportFast.aspx?ST_ID=589,,PM25_SHARP5030i,0.6,ug/m3,0,ppb,0.3,ppb,"","","","",0.8,ug/m3,"","","","","","",110.9,Deg.,1.9,m/s,8.2,Deg.C,89.5,% RH,"","","","","","","","",0.8,0,0.4,"","",0.9,"","","",Sunday 1 February 2026 04PM (PST),2026-02-01 16:00,https://envistaweb.env.gov.bc.ca/StationDetails.aspx?ST_ID=589
117,E226338,Port Mellon,"",Gibsons,OPERATIONAL,"",INDUSTRY,"","",49.5228,-123.4822,3,ON,https://envistaweb.env.gov.bc.ca/StationReportFast.aspx?ST_ID=117,,"","","","","","","","","","","","","","","","","","","",38.4,Deg.,0.97,m/s,8.5,Deg.C,"","","","","","","","","","","","","","","","","","","",Sunday 1 February 2026 04PM (PST),2026-02-01 16:00,https://envistaweb.env.gov.bc.ca/StationDetails.aspx?ST_ID=117
244,0310162,Port Moody Rocky Point Park,"",Port Moody,METRO VANCOUVER,"",MVRD,"","",49.2809,-122.8493,6,ON,https://envistaweb.env.gov.bc.ca/StationReportFast.aspx?ST_ID=244,https://envistaweb.env.gov.bc.ca/StationReportFast.aspx?ST_ID=475,PM25 SHARP5030,2.6,ug/m3,1.9,ppb,9.6,ppb,"","",18,ppb,4.9,ug/m3,0.2,ppb,0.5,ppb,"","",341.9,Deg.,1.4,m/s,8.7,Deg.C,97.2,% RH,"","","","","","",0.27,ppm,3,3.7,12.8,"",21.2,5.4,0.2,1.7,"",Sunday 1 February 2026 04PM (PST),2026-02-01 16:00,https://envistaweb.env.gov.bc.ca/StationDetails.aspx?ST_ID=244
528,E293670,Prince George Exploration Place,"",Prince George,OPERATIONAL,"",INDUSTRY,"","",53.905139,-122.734049,576,ON,https://envistaweb.env.gov.bc.ca/StationReportFast.aspx?ST_ID=528,,"","","","","","","","","","","","","","","","",ppb,"","",177.8,Deg.,0.7,m/s,"","","","","","","","","","","","","","","","","","","","","",Sunday 1 February 2026 01PM (PST),2026-02-01 13:00,https://envistaweb.env.gov.bc.ca/StationDetails.aspx?ST_ID=528
138,E224014,Prince George Glenview School,"",Prince George,OPERATIONAL,"",ENV,"","",53.996,-122.776,750,ON,https://envistaweb.env.gov.bc.ca/StationReportFast.aspx?ST_ID=138,,"","","","","","","","","","","","","","","","","","","",227.2,Deg.,1.83,m/s,3.5,Deg.C,100.1,% RH,"","","","","","","","","","","","","","","","","",Sunday 1 February 2026 04PM (PST),2026-02-01 16:00,https://envistaweb.env.gov.bc.ca/StationDetails.aspx?ST_ID=138
139,0450322,Prince George Jail,"",Prince George,OPERATIONAL,"",INDUSTRY,"","",53.908018,-122.713337,616,ON,https://envistaweb.env.gov.bc.ca/StationReportFast.aspx?ST_ID=139,,"","","","","","","","","","","","","","",ppb,"",ppb,"","","","","","","","","","","","","","","","","","","","","","","","","","","",Sunday 1 February 2026 01PM (PST),2026-02-01 13:00,https://envistaweb.env.gov.bc.ca/StationDetails.aspx?ST_ID=139
140,0450324,Prince George Lakewood,"",Prince George,OPERATIONAL,"",INDUSTRY,"","",53.9156,-122.7958,584,ON,https://envistaweb.env.gov.bc.ca/StationReportFast.aspx?ST_ID=140,,"","","","","","","","","","","","","","","","",ppb,"","","","","","","","","","","","","","","","","","","","","","","","","","","",Sunday 1 February 2026 01PM (PST),2026-02-01 13:00,https://envistaweb.env.gov.bc.ca/StationDetails.aspx?ST_ID=140
13,0450307,Prince George Plaza 400,"",Prince George,OPERATIONAL,"",ENV,"","",53.91472,-122.74194,588,ON,https://envistaweb.env.gov.bc.ca/StationReportFast.aspx?ST_ID=13,https://envistaweb.env.gov.bc.ca/StationReportFast.aspx?ST_ID=144,PM25 SHARP5030,2.7,ug/m3,3.6,ppb,11.3,ppb,"","",8.2,ppb,1.7,ug/m3,1.5,ppb,0.4,ppb,"","",221.3,Deg.,1.93,m/s,5.6,Deg.C,89.7,% RH,"","","","","","","","",7.7,16,12.3,"",2,8.5,1.2,4.5,"",Sunday 1 February 2026 04PM (PST),2026-02-01 16:00,https://envistaweb.env.gov.bc.ca/StationDetails.aspx?ST_ID=13
146,M109914,Prince George Pulp,"",Prince George,OPERATIONAL,"",ENV,"","",53.9244,-122.6861,600,ON,https://envistaweb.env.gov.bc.ca/StationReportFast.aspx?ST_ID=146,,"","","","","","","","","","","","","","","","","","","",223.8,Deg.,2.43,m/s,5.4,Deg.C,99.9,% RH,"","","","","","","","","","","","","","","","","",Sunday 1 February 2026 04PM (PST),2026-02-01 16:00,https://envistaweb.env.gov.bc.ca/StationDetails.aspx?ST_ID=146
425,E288469,Prince Rupert Roosevelt Park School,"",Prince Rupert,OPERATIONAL,"",ENV,"","",54.3064,-130.3269,80,ON,https://envistaweb.env.gov.bc.ca/StationReportFast.aspx?ST_ID=425,,"","","","","","","","","","","","","","","","","","","",117.4,Deg.,3.41,m/s,8.3,Deg.C,81.8,% RH,"","","","","","","","","","","","","","","","","",Sunday 1 February 2026 03PM (PST),2026-02-01 15:00,https://envistaweb.env.gov.bc.ca/StationDetails.aspx?ST_ID=425
583,E326405,Quesnel Johnston Avenue,"",Quesnel,OPERATIONAL,"",ENV,"","",52.969061,-122.494031,505,ON,https://envistaweb.env.gov.bc.ca/StationReportFast.aspx?ST_ID=583,,PM25_SHARP5030i,4.8,ug/m3,5.5,ppb,3.1,ppb,"","",4.9,ppb,7.3,ug/m3,1.2,ppb,0.6,ppb,"","",208.5,Deg.,0.7,m/s,3.4,Deg.C,"",% RH,"","","","","","","","",7.2,10.1,5.5,"",3.8,7.8,1.2,0.4,"",Sunday 1 February 2026 04PM (PST),2026-02-01 16:00,https://envistaweb.env.gov.bc.ca/StationDetails.aspx?ST_ID=583
248,E207417,Richmond South,"",Richmond,METRO VANCOUVER,"",MVRD,"","",49.1414,-123.1082,4,ON,https://envistaweb.env.gov.bc.ca/StationReportFast.aspx?ST_ID=248,,PM25 SHARP5030,3.6,ug/m3,1,ppb,4.5,ppb,"","",21.9,ppb,"","",0.2,ppb,"","","","",131.2,Deg.,2.59,m/s,9.9,Deg.C,"","","","","","","","",0.17,ppm,6,7.1,14.5,"",16.1,"",0.2,"","",Sunday 1 February 2026 04PM (PST),2026-02-01 16:00,https://envistaweb.env.gov.bc.ca/StationDetails.aspx?ST_ID=248
163,E207879,Robson,"",Robson,OPERATIONAL,"",INDUSTRY,"","",49.337031,-117.698275,441,ON,https://envistaweb.env.gov.bc.ca/StationReportFast.aspx?ST_ID=163,,"","","","","","","","","","","","","","","",1.1,ppb,"","","","","","","","","","","","","","","","","","","","","","","","","",1,"",Sunday 1 February 2026 04PM (PST),2026-02-01 16:00,https://envistaweb.env.gov.bc.ca/StationDetails.aspx?ST_ID=163
167,0440403,Scotties Marina,"",Castlegar,OPERATIONAL,"",INDUSTRY,"","",49.3427,-117.8297,502,ON,https://envistaweb.env.gov.bc.ca/StationReportFast.aspx?ST_ID=167,,"","","","","","","","","","","","","","","",0,ppb,"","","","","","","","","","","","","","","","","","","","","","","","","",0,"",Sunday 1 February 2026 04PM (PST),2026-02-01 16:00,https://envistaweb.env.gov.bc.ca/StationDetails.aspx?ST_ID=167
422,E254190,Skookumchuck Farstad Way,"",Cranbrook,OPERATIONAL,"",INDUSTRY,"","",49.905404,-115.755613,746,ON,https://envistaweb.env.gov.bc.ca/StationReportFast.aspx?ST_ID=422,https://envistaweb.env.gov.bc.ca/StationReportFast.aspx?ST_ID=543,PM25_SHARP5030iQ,"",ug/m3,"","","","","","","","","","","","",1.2,ppb,"","",52,Deg.,1.2,m/s,4.3,Deg.C,81.5,% RH,"","","","","","","","","","","","","","","",8.5,"",Sunday 1 February 2026 04PM (PST),2026-02-01 16:00,https://envistaweb.env.gov.bc.ca/StationDetails.aspx?ST_ID=422
560,E315110,Smithers Muheim Memorial,"",Smithers,OPERATIONAL,"",ENV,"","",54.7784861,-127.168542,496,ON,https://envistaweb.env.gov.bc.ca/StationReportFast.aspx?ST_ID=560,https://envistaweb.env.gov.bc.ca/StationReportFast.aspx?ST_ID=563,PM25_SHARP5030i,8.3,ug/m3,1.4,ppb,4,ppb,"","",6,ppb,7.7,ug/m3,"","","","","","",150.8,Deg.,1.2,m/s,3.8,Deg.C,90.8,% RH,"","","","","","","","",11.8,6,6.4,"",3.5,13.1,"","","",Sunday 1 February 2026 04PM (PST),2026-02-01 16:00,https://envistaweb.env.gov.bc.ca/StationDetails.aspx?ST_ID=560
584,E262137,Sparwood Centennial Square,"",Sparwood,OPERATIONAL,"",INDUSTRY,"","",49.7327857,-114.88766,1138,ON,https://envistaweb.env.gov.bc.ca/StationReportFast.aspx?ST_ID=584,,PM25_SHARP5030i,1.1,ug/m3,0.4,ppb,2.7,ppb,"","",34.6,ppb,10,ug/m3,"","","","","","","","","","","","","","","","","","","","","","",1.3,1.1,4.8,"",29.5,5.2,"","","",Sunday 1 February 2026 04PM (PST),2026-02-01 16:00,https://envistaweb.env.gov.bc.ca/StationDetails.aspx?ST_ID=584
247,E206271,Surrey East,"",Surrey,METRO VANCOUVER,"",MVRD,"","",49.1333,-122.6956,85,ON,https://envistaweb.env.gov.bc.ca/StationReportFast.aspx?ST_ID=247,,PM25 SHARP5030,2.6,ug/m3,0.5,ppb,4,ppb,"","",24.9,ppb,"","","","","","","","",167.3,Deg.,2.41,m/s,9.9,Deg.C,"","","","","","","","",0.18,ppm,2.6,0.4,5.6,"",20.2,"","","","",Sunday 1 February 2026 04PM (PST),2026-02-01 16:00,https://envistaweb.env.gov.bc.ca/StationDetails.aspx?ST_ID=247
179,0770708,Taylor Townsite,"",Taylor,OPERATIONAL,"",INDUSTRY,"","",56.150186,-120.686985,474,ON,https://envistaweb.env.gov.bc.ca/StationReportFast.aspx?ST_ID=179,,"","","",0.9,ppb,3.9,ppb,"","",21.2,ppb,"","",1.3,ppb,0.5,ppb,"","",87.9,Deg.,1.98,m/s,-5,Deg.C,85.3,% RH,"","","","","","","","","",0.9,3.6,"",21.1,"",1.3,0.4,"",Sunday 1 February 2026 04PM (PST),2026-02-01 16:00,https://envistaweb.env.gov.bc.ca/StationDetails.aspx?ST_ID=179
182,E230557,Telkwa,"",Telkwa,OPERATIONAL,"",ENV,"","",54.691479,-127.05434,,ON,https://envistaweb.env.gov.bc.ca/StationReportFast.aspx?ST_ID=182,,"","","","","","","","","","","","","","","","","","","",237,Deg.,0.44,m/s,3.7,Deg.C,92.4,% RH,"","","","","","","","","","","","","","","","","",Sunday 1 February 2026 04PM (PST),2026-02-01 16:00,https://envistaweb.env.gov.bc.ca/StationDetails.aspx?ST_ID=182
471,E300350,Terrace Skeena Middle School,"",Terrace,OPERATIONAL,"",ENV,"","",54.52167,-128.6075,81,ON,https://envistaweb.env.gov.bc.ca/StationReportFast.aspx?ST_ID=471,https://envistaweb.env.gov.bc.ca/StationReportFast.aspx?ST_ID=473,PM25 SHARP5030,1.6,ug/m3,0,ppb,0,ppb,"","",14.2,ppb,"","",1.2,ppb,"","","","",322.8,Deg.,1.4,m/s,6.5,Deg.C,87.4,% RH,"","","","","","","","",3.2,0,0.1,"",14.2,"",1.2,"","",Sunday 1 February 2026 04PM (PST),2026-02-01 16:00,https://envistaweb.env.gov.bc.ca/StationDetails.aspx?ST_ID=471
264,0260012,Trail Columbia Gardens Airport,"",Trail,OPERATIONAL,"",INDUSTRY,"","",49.046405,-117.60711,428,ON,https://envistaweb.env.gov.bc.ca/StationReportFast.aspx?ST_ID=264,https://envistaweb.env.gov.bc.ca/StationReportFast.aspx?ST_ID=192,"","","","","","","","","","","","","",0.2,ppb,"","","","",178.1,Deg.,3.31,m/s,3.8,Deg.C,94,% RH,"","","","","","","","","","","","","","",0.1,"","",Sunday 1 February 2026 04PM (PST),2026-02-01 16:00,https://envistaweb.env.gov.bc.ca/StationDetails.aspx?ST_ID=264
273,E283549,Tsawwassen,"",Delta,METRO VANCOUVER,"",MVRD,"","",49.0099,-123.082,52,ON,https://envistaweb.env.gov.bc.ca/StationReportFast.aspx?ST_ID=273,,PM25 SHARP5030,2.7,ug/m3,0.3,ppb,2,ppb,"","",28,ppb,"","",0.1,ppb,"","","","","","","","","","","","","","","","","","",0.15,ppm,3.1,0.4,4.8,"",24.2,"",0.1,"","",Sunday 1 February 2026 04PM (PST),2026-02-01 16:00,https://envistaweb.env.gov.bc.ca/StationDetails.aspx?ST_ID=273
440,E234293,Valemount,"",Valemount,OPERATIONAL,"",ENV,"","",52.832459,-119.269821,800,ON,https://envistaweb.env.gov.bc.ca/StationReportFast.aspx?ST_ID=440,https://envistaweb.env.gov.bc.ca/StationReportFast.aspx?ST_ID=209,PM25 SHARP5030,0.5,ug/m3,"","","","","","","","","","","","","","","","",131.1,Deg.,2.78,m/s,4.7,Deg.C,78.7,% RH,"","","","","","","","",0.7,"","","","","","","","",Sunday 1 February 2026 04PM (PST),2026-02-01 16:00,https://envistaweb.env.gov.bc.ca/StationDetails.aspx?ST_ID=440
565,E316370,Vancouver Clark Drive,"",Vancouver,METRO VANCOUVER,"",MVRD,"","",49.2603,-123.0778,29,ON,https://envistaweb.env.gov.bc.ca/StationReportFast.aspx?ST_ID=565,https://envistaweb.env.gov.bc.ca/StationReportFast.aspx?ST_ID=577,PM25 SHARP5030,5,ug/m3,8.4,ppb,16,ppb,"","",12,ppb,"","","","","","","","",113.3,Deg.,0.8,m/s,9,Deg.C,99.6,% RH,"","","","","","",0.33,ppm,4.3,5.9,15.4,"",14.7,"","","","",Sunday 1 February 2026 04PM (PST),2026-02-01 16:00,https://envistaweb.env.gov.bc.ca/StationDetails.aspx?ST_ID=565
259,E232246,Vancouver International Airport #2,"",Richmond,METRO VANCOUVER,"",MVRD,"","",49.1863,-123.1524,1,ON,https://envistaweb.env.gov.bc.ca/StationReportFast.aspx?ST_ID=259,,PM25 SHARP5030,3.6,ug/m3,0.7,ppb,4.5,ppb,"","",23.5,ppb,6.8,ug/m3,0.3,ppb,"","","","",106,Deg.,3.03,m/s,10,Deg.C,98.2,% RH,"","","","","","",0.18,ppm,5,3.9,15.9,"",18.6,8.6,0.3,"","",Sunday 1 February 2026 04PM (PST),2026-02-01 16:00,https://envistaweb.env.gov.bc.ca/StationDetails.aspx?ST_ID=259
240,0310174,Vancouver Robson Square,"",Vancouver,METRO VANCOUVER,"",MVRD,"","",49.2823,-123.1219,32,ON,https://envistaweb.env.gov.bc.ca/StationReportFast.aspx?ST_ID=240,,"","","",5.5,ppb,23.6,ppb,"","",8.3,ppb,"","",1.5,ppb,"","","","","","","","","","","","","","","","","","",0.19,ppm,"",5.5,21.4,"",10.8,"",0.7,"","",Sunday 1 February 2026 04PM (PST),2026-02-01 16:00,https://envistaweb.env.gov.bc.ca/StationDetails.aspx?ST_ID=240
212,E269223,Vanderhoof Courthouse,"",Vanderhoof,OPERATIONAL,"",ENV,"","",54.0163,-124.0061,638,ON,https://envistaweb.env.gov.bc.ca/StationReportFast.aspx?ST_ID=212,,BAM1020,5.1,ug/m3,"","","","","","","","",5.6,ug/m3,"","","","","","",50,Deg.,0.97,m/s,3,Deg.C,98.6,% RH,"","","",kPa,"","","","",12.7,"","","","",5.5,"","","",Sunday 1 February 2026 04PM (PST),2026-02-01 16:00,https://envistaweb.env.gov.bc.ca/StationDetails.aspx?ST_ID=212
11,E249492,Vernon Science Centre,"",Vernon,OPERATIONAL,"",ENV,"","",50.260617,-119.270723,476,ON,https://envistaweb.env.gov.bc.ca/StationReportFast.aspx?ST_ID=11,https://envistaweb.env.gov.bc.ca/StationReportFast.aspx?ST_ID=194,PM25 SHARP5030,3.5,ug/m3,3,ppb,6.4,ppb,"","",10.9,ppb,10.3,ug/m3,"","","","","","",191.1,Deg.,0.96,m/s,6.2,Deg.C,85.6,% RH,"","","","","","","","",8,6.9,9.4,"",5.7,8.5,"","","",Sunday 1 February 2026 04PM (PST),2026-02-01 16:00,https://envistaweb.env.gov.bc.ca/StationDetails.aspx?ST_ID=11
4,E231866,Victoria Topaz,"",Victoria,OPERATIONAL,"",ENV,"","",48.441942,-123.363165,29,ON,https://envistaweb.env.gov.bc.ca/StationReportFast.aspx?ST_ID=4,https://envistaweb.env.gov.bc.ca/StationReportFast.aspx?ST_ID=8,PM25_SHARP5030i,3.6,ug/m3,1,ppb,4.9,ppb,"","",31.4,ppb,"","",0.4,ppb,"","","","","","","","",11.5,Deg.C,79.1,% RH,"","","","","","",0.137,ppm,3.6,1.2,6.4,"",17.3,"",0.4,"","",Sunday 1 February 2026 04PM (PST),2026-02-01 16:00,https://envistaweb.env.gov.bc.ca/StationDetails.aspx?ST_ID=4
197,E227431,Whistler Meadow Park,"",Whistler,OPERATIONAL,"",ENV,"","",50.144285,-122.960402,638,ON,https://envistaweb.env.gov.bc.ca/StationReportFast.aspx?ST_ID=197,,PM25_SHARP5030i,4.6,ug/m3,5.9,ppb,9.1,ppb,"","",16.6,ppb,"","","","","","","","","","","","","","","","","","","","","","","","",6,6.9,6.3,"",9.1,"","","","",Sunday 1 February 2026 04PM (PST),2026-02-01 16:00,https://envistaweb.env.gov.bc.ca/StationDetails.aspx?ST_ID=197
16,0550502,Williams Lake Columneetza School,"",Williams Lake,OPERATIONAL,"",ENV,"","",52.14428,-122.150391,631,ON,https://envistaweb.env.gov.bc.ca/StationReportFast.aspx?ST_ID=16,https://envistaweb.env.gov.bc.ca/StationReportFast.aspx?ST_ID=549,PM25_SHARP5030i,3,ug/m3,1.3,ppb,2.1,ppb,"","",19,ppb,16.7,ug/m3,"","","","","","",310.6,Deg.,0.8,m/s,7.3,Deg.C,69.8,% RH,"","","","","","","","",2,1.1,0.6,"",21.6,3.9,"","","",Sunday 1 February 2026 04PM (PST),2026-02-01 16:00,https://envistaweb.env.gov.bc.ca/StationDetails.aspx?ST_ID=16
579,E330211,Willow Creek Mine,"",Tumbler Ridge,OPERATIONAL,"",INDUSTRY,"","",55.6355,-122.235639,626,ON,https://envistaweb.env.gov.bc.ca/StationReportFast.aspx?ST_ID=579,,API_T640X,5.4,ug/m3,"","","","","","","","",11.8,ug/m3,"","","","","","",68.9,Deg.,0.2,m/s,2,Deg.C,90.7,% RH,"","","","","","","","",7.1,"","","","",14,"","","",Sunday 1 February 2026 04PM (PST),2026-02-01 16:00,https://envistaweb.env.gov.bc.ca/StationDetails.aspx?ST_ID=579
590,E328532,Willow Flats Compressor Station 2,"",Chetwynd,OPERATIONAL,"",INDUSTRY,"","",55.6478,-122.2039,630,ON,https://envistaweb.env.gov.bc.ca/StationReportFast.aspx?ST_ID=590,,"","","",1.5,ppb,4.9,ppb,"","",8.8,ppb,"","","","","","","","",94.2,Deg.,0.5,m/s,1.9,Deg.C,87.3,% RH,"","","","","","","","","",0.3,4.4,"",11.9,"","","","",Sunday 1 February 2026 04PM (PST),2026-02-01 16:00,https://envistaweb.env.gov.bc.ca/StationDetails.aspx?ST_ID=590
